City_ID,City,Country,Lat,Lng,Max Temp,Humidity,Cloudiness,Wind Speed,Current Description
0,Kodiak,US,57.79,-152.4072,37.06,77,100,12.33,overcast clouds
1,Gravdal,NO,68.1214,13.5031,29.68,88,100,11.77,overcast clouds
2,Busselton,AU,-33.65,115.3333,68.52,60,46,20.54,scattered clouds
3,Mataura,NZ,-46.1927,168.8643,69.58,49,0,1.95,clear sky
4,Boguchany,RU,58.3814,97.4531,14.95,86,100,13.27,overcast clouds
5,New Norfolk,AU,-42.7826,147.0587,74.7,40,0,2.57,clear sky
6,Atuona,PF,-9.8,-139.0333,79.39,79,3,15.97,clear sky
7,Bredasdorp,ZA,-34.5322,20.0403,61.11,83,5,8.57,clear sky
8,Punta Arenas,CL,-53.15,-70.9167,46.11,93,100,9.89,overcast clouds
9,Grayvoron,RU,50.4767,35.6773,33.62,74,8,18.32,clear sky
10,Hilo,US,19.7297,-155.09,78.53,79,100,14.97,overcast clouds
11,Vila Franca Do Campo,PT,37.7167,-25.4333,61.21,89,100,20.67,overcast clouds
12,Newport,GB,51.5877,-2.9984,50.54,79,4,1.01,clear sky
13,Laguna,US,38.421,-121.4238,75.34,37,0,10.36,clear sky
14,Lebu,CL,-37.6167,-73.65,54.79,90,1,2.3,clear sky
15,Hermanus,ZA,-34.4187,19.2345,63.81,84,5,12.35,clear sky
16,Nome,US,64.5011,-165.4064,26.11,70,96,2.44,overcast clouds
17,Cabo San Lucas,MX,22.8909,-109.9124,74.61,54,2,8.66,clear sky
18,Tuktoyaktuk,CA,69.4541,-133.0374,-5.8,71,20,12.66,few clouds
19,Grand Gaube,MU,-20.0064,57.6608,79.38,82,8,3,clear sky
20,Souillac,MU,-20.5167,57.5167,77.38,94,75,0,broken clouds
21,Geraldton,AU,-28.7667,114.6,79.21,73,75,6.91,broken clouds
22,Rikitea,PF,-23.1203,-134.9692,79.63,70,0,12.64,clear sky
23,Albany,US,42.6001,-73.9662,39.16,91,90,5.64,overcast clouds
24,Rio Gallegos,AR,-51.6226,-69.2181,48.25,87,100,19.57,moderate rain
25,Ushuaia,AR,-54.8,-68.3,44.26,100,75,13.8,moderate rain
26,Khandwa,IN,21.8333,76.3333,83.26,19,4,2.93,clear sky
27,Jamestown,US,42.097,-79.2353,31.59,71,100,12.66,light snow
28,Portland,US,45.5234,-122.6762,63.19,71,100,7,overcast clouds
29,Torbay,CA,47.6666,-52.7314,35.76,95,100,18.41,overcast clouds
30,Arman,RU,59.7,150.1667,17.1,66,7,2.89,clear sky
31,Benalla,AU,-36.55,145.9833,74.95,37,0,5.1,clear sky
32,Butaritari,KI,3.0707,172.7902,81.46,72,42,14.58,scattered clouds
33,Darab,IR,28.7519,54.5444,53.22,18,0,3.33,clear sky
34,Rosario,AR,-32.9468,-60.6393,62.08,88,0,2.3,clear sky
35,Pijijiapan,MX,15.7011,-93.23,77.14,54,86,6.04,overcast clouds
36,Ponta Do Sol,PT,32.6667,-17.1,64.06,86,100,16.98,overcast clouds
37,Klaksvik,FO,62.2266,-6.589,45.52,72,100,24.65,overcast clouds
38,Saint Pete Beach,US,27.7253,-82.7412,67.06,65,0,3,clear sky
39,Clearwater,US,27.9659,-82.8001,66.97,66,0,15.01,clear sky
40,Bluff,NZ,-46.6,168.3333,58.84,73,1,3.74,clear sky
41,Pevek,RU,69.7008,170.3133,3.94,91,100,7.65,overcast clouds
42,Ayagoz,KZ,47.9714,80.4392,34.57,98,100,23.11,light snow
43,Cape Town,ZA,-33.9258,18.4232,63.12,73,0,6.91,clear sky
44,Barrow,US,71.2906,-156.7887,1.87,86,7,18.61,clear sky
45,Vaini,TO,-21.2,-175.2,84.36,74,40,10.36,scattered clouds
46,East London,ZA,-33.0153,27.9116,67.06,86,98,9.06,light rain
47,Bonavista,CA,48.6499,-53.1147,31.55,92,86,15.19,overcast clouds
48,Tiksi,RU,71.6872,128.8694,-4.74,97,95,2.15,overcast clouds
49,Karratha,AU,-20.7377,116.8463,84.07,67,92,9.69,overcast clouds
50,Talnakh,RU,69.4865,88.3972,16.21,77,94,3.87,overcast clouds
51,Saint-Philippe,RE,-21.3585,55.7679,75.22,82,12,9.08,few clouds
52,Petropavlovsk-Kamchatskiy,RU,53.0452,158.6483,30.79,47,0,11.18,clear sky
53,Hasaki,JP,35.7333,140.8333,66.29,73,100,15.5,overcast clouds
54,Los Llanos De Aridane,ES,28.6585,-17.9182,60.55,96,75,5.75,broken clouds
55,Carnarvon,AU,-24.8667,113.6333,82.47,57,0,9.22,clear sky
56,Jaromer,CZ,50.3562,15.9214,47.8,80,72,5.46,broken clouds
57,Otofuke,JP,42.9917,143.2003,47.35,77,95,14.52,overcast clouds
58,Derzhavinsk,KZ,51.1,66.3167,24.85,97,100,9.71,overcast clouds
59,Paredon,MX,16.0333,-93.8667,76.1,57,98,16.49,overcast clouds
60,Omsukchan,RU,62.5333,155.8,8.19,78,99,3.42,overcast clouds
61,Khatanga,RU,71.9667,102.5,-3.95,96,23,12.55,few clouds
62,Thompson,CA,55.7435,-97.8558,-0.24,46,0,8.05,clear sky
63,Matara,LK,5.9485,80.5353,78.98,81,2,5.26,clear sky
64,Marzuq,YE,14.4,46.4667,62.82,27,33,2.91,scattered clouds
65,Katangli,RU,51.7102,143.2326,30.94,99,100,21.68,snow
66,Honningsvag,NO,70.9821,25.9704,26.35,59,40,17.27,scattered clouds
67,Concepcion,CL,-36.827,-73.0498,53.82,89,0,4.03,clear sky
68,Coquimbo,CL,-29.9533,-71.3436,62.26,83,4,2.21,clear sky
69,Avarua,CK,-21.2078,-159.775,80.65,83,75,8.05,broken clouds
70,Port Elizabeth,ZA,-33.918,25.5701,62.89,92,20,2.3,few clouds
71,Lata,PT,40.1629,-8.3327,52.07,84,1,5.23,clear sky
72,Catuday,PH,16.2923,119.8062,84.72,68,60,7.29,broken clouds
73,Liusha,CN,27.2098,108.59,45.72,92,100,1.01,overcast clouds
74,Tezu,IN,27.9167,96.1667,71.06,64,89,2.55,overcast clouds
75,Ust-Nera,RU,64.5667,143.2,5.74,89,88,5.5,overcast clouds
76,Port Alfred,ZA,-33.5906,26.891,65.17,90,42,8.57,scattered clouds
77,Asau,RO,46.4333,26.4,49.28,73,78,3.22,broken clouds
78,Vila Velha,BR,-20.3297,-40.2925,78.94,86,20,10,few clouds
79,Crib Point,AU,-38.35,145.2,84.6,51,0,7.52,clear sky
80,Castro,BR,-24.7911,-50.0119,61.9,97,63,3.89,broken clouds
81,Lashio,MM,22.9333,97.75,73.9,58,64,2.98,broken clouds
82,Orange Cove,US,36.6244,-119.3137,83.71,53,99,0.83,overcast clouds
83,Munger,IN,25.3833,86.4667,80.94,11,0,0.54,clear sky
84,Synya,RU,65.3718,58.0387,11.14,90,100,7.52,overcast clouds
85,Ulladulla,AU,-35.35,150.4667,72.77,73,100,3.85,overcast clouds
86,Hobart,AU,-42.8794,147.3294,76.23,54,20,14.97,few clouds
87,Laukaa,RU,58.7372,29.8453,22.86,73,100,15.79,overcast clouds
88,Sorkjosen,NO,69.8,20.9333,21.2,93,100,5.75,overcast clouds
89,Kurilsk,RU,45.2333,147.8833,36.07,95,100,19.26,overcast clouds
90,Sitka,US,57.0531,-135.33,42.42,72,25,4.45,scattered clouds
91,Cayenne,GF,4.9333,-52.3333,81.09,1,100,7,overcast clouds
92,Pisco,PE,-13.7,-76.2167,66.25,82,0,9.22,clear sky
93,Bethel,US,41.3712,-73.414,42.37,88,100,1.01,overcast clouds
94,Rio Cuarto,AR,-33.1307,-64.3499,58.68,37,0,6.6,clear sky
95,Bengkulu,ID,-3.8004,102.2655,81.21,67,54,6.06,broken clouds
96,Upernavik,GL,72.7868,-56.1549,12.78,88,100,6.64,overcast clouds
97,Shestakovo,RU,56.4915,103.96,18.84,81,82,13.06,broken clouds
98,Turukhansk,RU,65.8167,87.9833,9.45,93,100,10,light snow
99,Qui Nhon,VN,13.7667,109.2333,84.69,65,0,3.91,clear sky
100,Inegol,TR,40.0781,29.5133,24.08,73,1,5.23,clear sky
101,Hithadhoo,MV,-0.6,73.0833,82.35,69,8,8.72,clear sky
102,Tomohon,ID,1.3346,124.8392,79.74,62,100,2.28,overcast clouds
103,Severo-Kurilsk,RU,50.6789,156.125,32.92,98,100,26.31,snow
104,Itarema,BR,-2.9248,-39.9167,75.97,91,100,8.25,overcast clouds
105,Saskylakh,RU,71.9167,114.0833,-15.99,100,100,4.14,overcast clouds
106,Saint-Pierre,RE,-21.3393,55.4781,76.91,73,0,5.75,clear sky
107,Havoysund,NO,70.9963,24.6622,26.83,63,100,15.61,light snow
108,Porto Novo,BJ,6.4965,2.6036,84.02,83,100,6.24,overcast clouds
109,Te Anau,NZ,-45.4167,167.7167,66.47,54,0,2.64,clear sky
110,Tornio,FI,65.8481,24.1466,12.22,81,100,6.22,overcast clouds
111,Barcelos,PT,41.5388,-8.6151,55.85,74,94,4.36,overcast clouds
112,Salalah,OM,17.0151,54.0924,75.94,47,100,2.44,overcast clouds
113,Banamba,ML,13.55,-7.45,86.2,29,29,1.97,scattered clouds
114,Hamilton,US,39.1834,-84.5333,33.75,65,40,16.11,scattered clouds
115,Ormara,PK,25.2088,64.6357,77.81,57,0,9.69,clear sky
116,Hami,CN,42.8,93.45,51.85,23,10,6.93,clear sky
117,Puerto Ayora,EC,-0.7393,-90.3518,78.3,84,100,8.1,light rain
118,Coihaique,CL,-45.5752,-72.0662,41.32,92,7,9.33,clear sky
119,Yablonovo,RU,50.8523,37.3574,31.06,81,16,17.69,few clouds
120,Kabo,CF,7.6994,18.629,73.94,17,41,3.89,scattered clouds
121,Namibe,AO,-15.1961,12.1522,71.58,72,98,7.29,overcast clouds
122,Vitim,RU,59.4511,112.5578,23.61,79,100,2.86,overcast clouds
123,Pringsewu,ID,-5.3582,104.9744,83.01,74,80,2.89,broken clouds
124,Mehamn,NO,71.0357,27.8492,23.02,74,100,19.3,light snow
125,Barreirinhas,BR,-2.7469,-42.8264,75.18,96,99,4.92,overcast clouds
126,Kieta,PG,-6.2167,155.6333,83.73,74,98,5.12,light rain
127,Ilulissat,GL,69.2167,-51.1,8.55,83,100,6.06,overcast clouds
128,Beringovskiy,RU,63.05,179.3167,11.34,90,91,4.34,overcast clouds
129,Ginda,IN,30.6945,78.4932,60.33,19,0,4.79,clear sky
130,Tasiilaq,GL,65.6145,-37.6368,16.61,61,0,7.76,clear sky
131,Bonito,BR,-21.1211,-56.4819,66.92,74,8,2.48,clear sky
132,Kruisfontein,ZA,-34.0033,24.7314,59.88,92,3,3.2,clear sky
133,Dikson,RU,73.5069,80.5464,-9.29,99,84,11.83,broken clouds
134,Banes,CU,20.9625,-75.7186,74.1,83,99,11.59,overcast clouds
135,Cockburn Town,TC,21.4612,-71.1419,77.85,71,56,3.02,broken clouds
136,Arrecife,ES,28.963,-13.5477,64.38,82,0,11.5,clear sky
137,Martapura,ID,-3.4167,114.85,80.69,78,20,8.05,few clouds
138,Korla,CN,41.7597,86.1469,48.4,43,97,2.37,overcast clouds
139,Port Hardy,CA,50.6996,-127.4199,48.38,81,75,6.91,broken clouds
140,Kapaa,US,22.0752,-159.319,80.58,64,0,4,clear sky
141,Normandin,CA,48.8333,-72.5321,30.33,93,100,2.3,overcast clouds
142,Lagoa,PT,39.05,-27.9833,59.31,88,96,24.58,overcast clouds
143,Egvekinot,RU,66.3167,-179.1667,9.48,88,100,2.59,overcast clouds
144,Bardiyah,LY,31.7561,25.0865,54.1,64,0,5.48,clear sky
145,Lorengau,PG,-2.0226,147.2712,84.31,73,97,6.71,overcast clouds
146,Ust-Maya,RU,60.4167,134.5333,15.8,83,89,2.53,overcast clouds
147,Cherskiy,RU,68.75,161.3,-0.53,86,100,9.1,overcast clouds
148,Deputatskiy,RU,69.3,139.9,2.01,86,36,3.89,scattered clouds
149,Kuytun,RU,54.3419,101.5036,18.84,82,56,12.17,broken clouds
150,Kautokeino,NO,69.0125,23.0412,-3.24,100,100,3.18,overcast clouds
151,Sola,VU,-13.8833,167.55,82.98,72,81,9.28,broken clouds
152,Mar Del Plata,AR,-38.0023,-57.5575,60.87,94,100,10,overcast clouds
153,Airai,TL,-8.9266,125.4092,73.53,59,32,1.83,scattered clouds
154,Sisimiut,GL,66.9395,-53.6735,16.48,72,89,10.74,overcast clouds
155,Beloha,MG,-25.1667,45.05,70.43,96,94,6.55,overcast clouds
156,Kaeo,NZ,-35.1,173.7833,70.38,62,77,4.27,broken clouds
157,Tutoia,BR,-2.7619,-42.2744,76.6,91,87,7.96,light rain
158,Bambanglipuro,ID,-7.95,110.2833,81.79,76,73,4.63,broken clouds
159,Saint-Gilles,FR,43.6766,4.4302,50.14,57,0,5.75,clear sky
160,Say,NE,13.1007,2.3689,90.16,11,9,14.85,clear sky
161,Amboasary,MG,-25.0333,46.3833,72.91,96,23,4.56,few clouds
162,Wenling,CN,28.3669,121.36,56.43,81,100,6.11,overcast clouds
163,Aswan,EG,24.0934,32.907,54.7,28,0,5.75,clear sky
164,Alyangula,AU,-13.8483,136.4192,89.47,55,40,3.44,scattered clouds
165,Olive Branch,US,34.9618,-89.8295,54.37,44,8,6.33,clear sky
166,Namtsy,RU,62.7161,129.6658,16.18,91,99,3.69,overcast clouds
167,Xai-Xai,MZ,-25.0519,33.6442,68.63,94,9,2.08,clear sky
168,Viedma,AR,-40.8135,-62.9967,63.97,24,0,11.72,clear sky
169,Leningradskiy,RU,69.3833,178.4167,4.53,83,5,2.1,clear sky
170,Walvis Bay,NA,-22.9575,14.5053,59.09,82,0,4.47,clear sky
171,Kavieng,PG,-2.5744,150.7967,84,68,100,3.29,overcast clouds
172,Taitung,TW,22.7583,121.1444,73.67,83,75,4.61,broken clouds
173,Hauterive,FR,46.0901,3.4459,47.16,87,6,3.62,clear sky
174,Meru,KE,0.0463,37.6559,60.94,92,85,2.75,light rain
175,Sibu,MY,2.3,111.8167,77.31,94,40,5.01,scattered clouds
176,Nabire,ID,-3.3667,135.4833,86.97,63,98,4.92,overcast clouds
177,Dalvik,IS,65.9702,-18.5286,48.13,81,96,11.32,overcast clouds
178,Norman Wells,CA,65.282,-126.8329,6.84,51,40,2.3,scattered clouds
179,Hearst,CA,49.6835,-83.6665,5.25,91,100,13.13,light snow
180,Pitimbu,BR,-7.4706,-34.8086,77.59,83,99,4.7,moderate rain
181,Kutum,SD,14.2,24.6667,56.84,16,6,11.03,clear sky
182,Kumukh,RU,42.1704,47.1161,17.22,79,100,9.93,overcast clouds
183,Mahajanga,MG,-15.7167,46.3167,78.82,89,40,4.61,thunderstorm
184,Emerald,AU,-23.5333,148.1667,73.54,94,100,9.22,overcast clouds
185,Nikolskoye,RU,59.7035,30.7861,26.87,72,100,15.77,overcast clouds
186,La Palma,US,33.8464,-118.0467,76.91,77,0,11.5,clear sky
187,Anadyr,RU,64.75,177.4833,0.1,78,20,0,fog
188,Santa Maria,BR,-29.6842,-53.8069,65.5,77,40,4.61,scattered clouds
189,Skibbereen,IE,51.55,-9.2667,51.12,81,0,12.33,clear sky
190,Narsaq,GL,60.9167,-46.05,25.02,76,8,5.44,clear sky
191,Victoria,HK,22.2855,114.1577,75.18,78,87,8.99,overcast clouds
192,Hualmay,PE,-11.0964,-77.6139,70.47,80,97,8.32,overcast clouds
193,Olafsvik,IS,64.8945,-23.7142,36.55,70,100,13.11,overcast clouds
194,Saint-Denis,FR,48.9167,2.3333,54.21,58,0,10.36,clear sky
195,Kazachinskoye,RU,57.6953,93.2761,14.7,87,100,10.47,overcast clouds
196,Astaneh-Ye Ashrafiyeh,IR,37.2596,49.9444,46.33,86,100,3.18,overcast clouds
197,Yerbogachen,RU,61.2767,108.0108,23.47,90,100,10.71,light snow
198,Abay,KZ,49.6311,72.8539,34.18,96,93,6.26,light snow
199,Kokopo,PG,-4.352,152.2633,84.04,68,100,7.25,overcast clouds
200,Iqaluit,CA,63.7506,-68.5145,17.33,79,40,8.05,scattered clouds
201,Port Moresby,PG,-9.4431,147.1797,85.42,70,40,11.5,haze
202,Progreso,MX,21.2833,-89.6667,68.95,61,3,9.53,clear sky
203,Karasburg,NA,-28.0167,18.75,69.98,23,0,2.95,clear sky
204,Kaitangata,NZ,-46.2817,169.8464,62.37,64,1,6.42,clear sky
205,Roznava,SK,48.6601,20.5376,51.26,76,91,7,overcast clouds
206,Requena,ES,39.4883,-1.1004,44.53,87,63,6.51,broken clouds
207,Mareeba,AU,-17,145.4333,88.66,57,82,0.78,broken clouds
208,Ballina,AU,-28.8667,153.5667,73.36,90,100,3.44,overcast clouds
209,Mujiayingzi,CN,42.1167,118.7833,37.42,18,0,19.64,clear sky
210,Chokurdakh,RU,70.6333,147.9167,1.72,92,100,10.2,overcast clouds
211,Tucuman,AR,-26.8241,-65.2226,59,88,0,4.61,clear sky
212,Broome,US,42.2506,-75.833,38.7,84,67,5.99,broken clouds
213,Krasnoselkup,RU,65.7,82.4667,1.2,94,50,13.38,scattered clouds
214,Castlecomer,IE,52.8061,-7.2106,42.06,85,2,3.22,clear sky
215,Catia La Mar,VE,10.6038,-67.0303,79,89,40,6.91,scattered clouds
216,Tuatapere,NZ,-46.1333,167.6833,65.59,59,5,5.03,clear sky
217,Port Lincoln,AU,-34.7333,135.8667,78.1,34,100,6.64,overcast clouds
218,Maneadero,MX,31.7167,-116.5667,60.1,81,24,1.99,few clouds
219,Chaman,PK,30.9236,66.4512,66.24,23,0,9.04,clear sky
220,Praya,CV,14.9215,-23.5087,68.54,73,20,8.05,few clouds
221,Burriana,ES,39.889,-0.085,55.71,75,80,6.24,broken clouds
222,Magadan,RU,59.5667,150.8,15.84,65,7,4.21,clear sky
223,Yellowknife,CA,62.456,-114.3525,4.41,79,100,11.5,light snow
224,Kungalv,SE,57.871,11.9805,37.26,70,83,4.5,broken clouds
225,Kemijarvi,FI,66.7131,27.4306,14.34,80,21,9.62,few clouds
226,Georgetown,MY,5.4112,100.3354,85.95,82,20,5.99,few clouds
227,Muros,ES,42.7762,-9.0603,52.09,92,100,5.48,overcast clouds
228,Talsi,LV,57.2456,22.5814,28.98,55,60,10.29,broken clouds
229,Havre-Saint-Pierre,CA,50.2334,-63.5986,30.56,100,100,8.05,overcast clouds
230,Komsomolskiy,UZ,40.4272,71.7189,52.52,54,75,9.22,light rain
231,Arraial Do Cabo,BR,-22.9661,-42.0278,75.87,93,10,5.77,clear sky
232,Roald,NO,62.5833,6.1333,44.1,93,100,19.57,drizzle
233,Pelotas,BR,-31.7719,-52.3425,65.86,85,48,7.02,light rain
234,Paracuru,BR,-3.41,-39.0306,77.11,90,100,5.1,overcast clouds
235,Chengde,CN,40.9725,117.9361,44.04,15,0,15.32,clear sky
236,Mandalgovi,MN,45.7625,106.2708,32.74,18,0,13.35,clear sky
237,Verkhoyansk,RU,67.5447,133.385,7.68,83,64,4.76,broken clouds
238,Grand Baie,MU,-20.0182,57.5802,79.45,82,9,1.99,clear sky
239,Flin Flon,CA,54.7682,-101.865,-1.55,93,56,2.8,broken clouds
240,Maniwaki,CA,46.3834,-75.966,35.98,87,100,5.75,overcast clouds
241,Rudbar,AF,30.15,62.6,65.97,18,0,8.12,clear sky
242,Aketi,CD,2.7388,23.7833,74.07,56,98,0.85,overcast clouds
243,Vostok,RU,46.4856,135.8833,28.78,89,100,15.05,light snow
244,Maryborough,AU,-25.5333,152.7,78.53,73,29,6.93,light rain
245,Goksun,TR,38.021,36.4973,19.31,94,30,6.51,scattered clouds
246,Umm Kaddadah,SD,13.6017,26.6876,62.47,15,4,17.67,clear sky
247,Clyde River,CA,70.4692,-68.5914,-1.97,78,100,10.36,light snow
248,Cururupu,BR,-1.8283,-44.8683,74.7,97,92,2.35,overcast clouds
249,Kahului,US,20.8947,-156.47,75.85,82,78,11.01,broken clouds
250,Dasoguz,TM,41.8363,59.9666,35.55,80,0,9.22,clear sky
251,Kribi,CM,2.95,9.9167,80.29,86,100,5.14,overcast clouds
252,Maragheh,IR,37.3917,46.2398,33.73,83,37,3.91,scattered clouds
253,Caravelas,BR,-17.7125,-39.2481,76.66,89,2,5.44,clear sky
254,Gat,IL,31.61,34.7642,53.4,80,1,4.5,clear sky
255,Wakkanai,JP,45.4094,141.6739,39.18,81,75,28.77,broken clouds
256,Skjervoy,NO,70.0311,20.9714,21.2,70,100,8.99,light snow
257,Talara,PE,-4.5772,-81.2719,73.04,79,99,12.3,overcast clouds
258,Marquette,US,46.5333,-87.6335,20.34,61,90,14.47,overcast clouds
259,Igdir,TR,39.9237,44.045,28.33,60,94,4.63,overcast clouds
260,Husavik,IS,66.0449,-17.3389,37.58,86,100,6.51,overcast clouds
261,Wagar,SD,16.1525,36.2032,65.75,63,6,12.19,clear sky
262,Amga,RU,60.8953,131.9608,21.51,81,93,2.51,overcast clouds
263,Nowshera,PK,34.0058,71.9977,66.88,30,0,3.65,clear sky
264,Ribeira Grande,PT,38.5167,-28.7,61.03,85,56,9.84,broken clouds
265,Arucas,ES,28.1198,-15.5233,59,61,51,6.58,broken clouds
266,Vabalninkas,LT,55.9667,24.75,28.81,57,95,15.1,overcast clouds
267,Bambous Virieux,MU,-20.3428,57.7575,79.21,94,75,0,broken clouds
268,San Cristobal,VE,7.7669,-72.225,77.18,92,100,2.59,overcast clouds
269,Namatanai,PG,-3.6667,152.4333,85.62,66,79,4.56,broken clouds
270,Najran,SA,17.4924,44.1277,65.05,33,1,6.49,clear sky
271,Abu Samrah,SY,35.3029,37.1841,41.74,80,0,10.36,clear sky
272,Fort Frances,CA,48.5999,-93.4003,13.15,51,38,1.99,scattered clouds
273,Maceio,BR,-9.6658,-35.7353,80.04,83,40,6.91,scattered clouds
274,Vierzon,FR,47.2101,2.0625,46.99,82,2,4,clear sky
275,Jiangyou,CN,31.7667,104.7167,59.49,63,16,4.68,few clouds
276,Nanortalik,GL,60.1432,-45.2371,25.92,80,100,6.67,overcast clouds
277,Guerrero Negro,MX,27.9769,-114.0611,62.01,85,2,14.38,clear sky
278,Saldanha,ZA,-33.0117,17.9442,62.65,70,34,4.65,scattered clouds
279,Terrasini,IT,38.146,13.0844,60.46,41,100,8.46,overcast clouds
280,Sayat,TM,38.7839,63.8803,40.87,51,6,7.11,clear sky
281,Lavrentiya,RU,65.5833,-171,18.64,89,100,2.44,overcast clouds
282,Doctor Arroyo,MX,23.6667,-100.1833,59.16,23,11,7.67,few clouds
283,Malinovskiy,RU,61.1953,62.8397,17.15,93,100,10.74,light snow
284,Great Falls,US,47.5002,-111.3008,52.41,32,75,9.22,broken clouds
285,Xuddur,SO,4.1213,43.8894,72.21,81,9,11.23,clear sky
286,Koslan,RU,63.4564,48.8989,22.69,94,100,13.11,snow
287,Tailai,CN,46.3833,123.4,38.44,46,30,12.73,scattered clouds
288,Luderitz,NA,-26.6481,15.1594,65.14,63,0,7.83,clear sky
289,Hofn,IS,64.2539,-15.2082,45.09,95,100,9.51,overcast clouds
290,Semey,KZ,50.4111,80.2275,32.22,86,100,4.47,overcast clouds
291,Vila Do Maio,CV,15.1333,-23.2167,68.79,77,80,10.58,broken clouds
292,Kotri,PK,25.366,68.3122,82.8,17,11,10.4,few clouds
293,Kenai,US,60.5544,-151.2583,42.03,52,20,9.22,few clouds
294,Boden,SE,65.8252,21.6886,15.8,92,96,2.13,overcast clouds
295,Mount Gambier,AU,-37.8333,140.7667,80.51,28,57,11.5,broken clouds
296,Bafra,TR,41.5678,35.9069,38.41,78,1,8.03,clear sky
297,Mezen,RU,65.8522,44.24,14,71,100,12.88,overcast clouds
298,Gazojak,TM,41.1875,61.4036,39.63,71,8,8.46,clear sky
299,Fort-Shevchenko,KZ,44.5086,50.263,40.66,86,77,13.53,broken clouds
300,Tshikapa,CD,-6.4167,20.8,70.74,92,94,1.59,overcast clouds
301,Chebsara,RU,59.2002,38.8356,20.53,91,100,19.01,light snow
302,Esperance,AU,-33.8667,121.9,66.04,83,100,17.58,overcast clouds
303,Mount Isa,AU,-20.7333,139.5,91.17,15,0,9.22,clear sky
304,Kita,ML,13.0349,-9.4895,85.57,18,100,2.73,overcast clouds
305,Haines Junction,CA,60.7522,-137.5108,35.55,48,100,11.5,overcast clouds
306,Alice Springs,AU,-23.7,133.8833,78.35,17,0,8.05,clear sky
307,Kargil,IN,34.5667,76.1,16.9,58,0,3,clear sky
308,Muskogee,US,35.5834,-95.3336,58.33,37,0,6.51,clear sky
309,Chokwe,MZ,-24.5333,32.9833,67.77,95,7,0.38,clear sky
310,Vizovice,CZ,49.2229,17.8545,50.58,80,89,6.82,overcast clouds
311,Burns Lake,CA,54.2331,-125.7533,38.62,86,77,2.01,broken clouds
312,Shingu,JP,33.7333,135.9833,65.77,54,10,3.29,clear sky
313,Tessalit,ML,20.1986,1.0114,80.64,13,30,10.58,scattered clouds
314,Seoul,KR,37.5683,126.9778,52.99,55,0,5.75,clear sky
315,Chuy,UY,-33.6971,-53.4616,62.96,83,17,8.99,few clouds
316,Nador,MA,35.174,-2.9287,53.85,87,0,4.61,clear sky
317,Faya,SA,18.3851,42.4509,57.31,48,51,3.91,broken clouds
318,Aguie,NE,13.506,7.7786,70.52,12,31,10.13,scattered clouds
319,Nelson Bay,AU,-32.7167,152.15,72,90,100,1.01,light rain
320,Tura,IN,25.5198,90.2201,77.04,65,0,2.53,clear sky
321,Faanui,PF,-16.4833,-151.75,82.33,71,30,12.88,scattered clouds
322,Lewistown,US,40.5992,-77.5714,39.25,100,100,10.36,overcast clouds
323,Gigmoto,PH,13.7796,124.39,83.98,72,11,8.66,few clouds
324,Mgandu,TZ,-5.95,34.1333,59.38,94,75,4.09,broken clouds
325,Bargur,IN,12.5424,78.3539,76.28,85,15,2.89,few clouds
326,Erzin,TR,36.9559,36.2,40.33,72,0,2.39,clear sky
327,Lebedyan,RU,53.0194,39.1664,30.96,85,96,17.67,overcast clouds
328,Otjimbingwe,NA,-22.35,16.1333,70.36,59,0,2.53,clear sky
329,Contai,IN,21.7786,87.7536,82.35,79,88,8.32,overcast clouds
330,Cedeno,CO,7.0464,-72.1634,72.95,91,100,3.24,overcast clouds
331,Mugur-Aksy,RU,50.35,90.5,18.23,64,84,4.43,broken clouds
332,Pekan,MY,3.4836,103.3996,78.91,77,9,5.55,clear sky
333,Piacabucu,BR,-10.4056,-36.4344,78.64,82,19,6.17,few clouds
334,Pacific Grove,US,36.6177,-121.9166,59.88,90,100,4,overcast clouds
335,Sampit,ID,-2.5333,112.95,85.71,69,78,3.89,broken clouds
336,Kochinda,IN,21.7333,84.35,84.33,14,35,3.89,scattered clouds
337,Durusu,TR,41.3053,28.6767,44.78,81,0,10,clear sky
338,Puerto Leguizamo,CO,-0.1934,-74.7819,72.28,99,99,1.92,overcast clouds
339,Atherton,GB,53.5237,-2.4935,49.24,81,5,1.99,clear sky
340,Kununurra,AU,-15.7667,128.7333,91.38,55,85,5.75,overcast clouds
341,Berlevag,NO,70.8578,29.0864,21,70,100,25.1,light snow
342,Mahebourg,MU,-20.4081,57.7,79.25,94,75,0,broken clouds
343,Hovd,MN,48.0056,91.6419,32.22,25,87,0.83,overcast clouds
344,Mugumu,TZ,-1.85,34.7,62.64,91,98,0.72,overcast clouds
345,Mahtomedi,US,45.0697,-92.9516,28.18,39,0,9.22,clear sky
346,Santa Barbara,US,34.7333,-120.0343,59.56,63,0,10.36,clear sky
347,Adrar,MR,20.5022,-10.0711,72.32,13,59,4.14,broken clouds
348,Brigantine,US,39.4101,-74.3646,44.06,71,46,19.66,scattered clouds
349,Joao Pessoa,BR,-7.115,-34.8631,77.23,100,75,5.75,broken clouds
350,Kathu,TH,7.9178,98.3332,86.7,99,4,3.94,clear sky
351,Mayumba,GA,-3.432,10.6554,77.29,92,86,6.49,moderate rain
352,Parana,AR,-31.732,-60.5238,64.45,91,0,3.18,clear sky
353,Cascais,PT,38.6979,-9.4215,59.94,69,38,8.01,scattered clouds
354,Port Hedland,AU,-20.3167,118.5667,91.45,49,78,12.66,broken clouds
355,Celestun,MX,20.8667,-90.4,69.93,60,5,12.91,clear sky
356,Ponta Delgada,PT,37.7333,-25.6667,61.52,77,75,4.61,broken clouds
357,Mian Channun,PK,30.44,72.3543,73.8,11,0,4.27,clear sky
358,Goderich,CA,43.7501,-81.7165,30.9,86,100,18.41,overcast clouds
359,Hede,CN,33.7681,120.2517,53.71,48,100,18.52,overcast clouds
360,Labuhan,ID,-6.8844,112.2051,82.65,70,69,4.61,broken clouds
361,Padang,ID,-0.9492,100.3543,82.45,64,4,3.13,clear sky
362,Prince Rupert,CA,54.3161,-130.3201,42.89,93,100,6.91,light rain
363,Parauna,BR,-16.9478,-50.4486,71.89,80,70,4.61,broken clouds
364,Shimoda,JP,34.6667,138.95,68.36,81,75,3.2,broken clouds
365,Ningxiang,CN,37.34,111.2052,38.52,19,99,4.65,overcast clouds
366,Kosh-Agach,RU,50,88.6667,7.68,80,100,1.25,overcast clouds
367,Grindavik,IS,63.8424,-22.4338,37.87,87,100,5.75,light rain
368,Isangel,VU,-19.55,169.2667,83.88,65,99,9.86,overcast clouds
369,Ngara,TZ,-2.5122,30.6558,53.94,95,94,1.43,overcast clouds
370,Suntar,RU,62.1444,117.6319,24.78,90,99,4.27,overcast clouds
371,Taua,BR,-5.9667,-40.3,70.47,95,100,5.28,overcast clouds
372,Madaoua,NE,14.073,5.96,73.09,11,8,11.45,clear sky
373,Port Macquarie,AU,-31.4333,152.9167,67.89,100,75,6.91,light rain
374,Jining,CN,35.405,116.5814,57,1,100,14.88,overcast clouds
375,Xining,CN,36.6167,101.7667,35.8,44,5,2.39,clear sky
376,Puerto Escondido,MX,15.85,-97.0667,80.26,73,100,1.68,overcast clouds
377,Saint Anthony,US,45.0205,-93.218,28.29,38,0,17.27,clear sky
378,Luebo,CD,-5.35,21.4167,70.72,88,100,0.96,overcast clouds
379,Qaanaaq,GL,77.484,-69.3632,-5.75,98,100,4.74,overcast clouds
380,Russell,US,32.3502,-85.1999,60.03,35,0,4.61,clear sky
381,Shelburne,CA,44.0787,-80.2041,29.16,95,100,14.67,overcast clouds
382,Sumbe,AO,-11.2061,13.8437,78.87,86,100,8.12,overcast clouds
383,Puerto Baquerizo Moreno,EC,-0.9,-89.6,78.42,83,100,10.78,light rain
384,Conde,BR,-7.2597,-34.9075,76.46,100,75,5.75,broken clouds
385,Lure,FR,47.75,6.5,49.05,81,0,0,clear sky
386,Eureka,US,40.8021,-124.1637,58.19,79,100,2.68,overcast clouds
387,Makakilo City,US,21.3469,-158.0858,80.56,52,20,16.11,few clouds
388,Tilichiki,RU,60.4667,166.1,16.38,72,19,3.09,few clouds
389,Katsuura,JP,35.1333,140.3,64.42,85,96,13.29,overcast clouds
390,Bukama,CD,-9.2,25.85,67.46,98,100,3.2,overcast clouds
391,Altay,CN,47.8667,88.1167,36.1,54,99,5.59,overcast clouds
392,Caranavi,BO,-15.8167,-67.55,60.82,99,99,1.36,overcast clouds
393,Wawa,NG,9.9022,4.4192,81.84,20,69,0.87,broken clouds
394,Bergen,NO,60.392,5.328,42.08,94,75,6.91,drizzle
395,Minden,DE,52.2833,8.9167,44.47,88,100,2.3,overcast clouds
396,Camapua,BR,-19.5314,-54.0439,71.62,94,98,3.42,overcast clouds
397,Aguimes,ES,27.9054,-15.4461,58.86,57,20,13.8,few clouds
398,Gillette,US,44.2911,-105.5022,48.11,38,61,8.52,broken clouds
399,Cabedelo,BR,-6.9811,-34.8339,77.67,82,71,5.12,broken clouds
400,Kysyl-Syr,RU,63.8986,122.7617,20.14,92,100,7.38,light snow
401,Tautira,PF,-17.7333,-149.15,81.61,73,16,12.91,few clouds
402,Bull Savanna,JM,17.8868,-77.5902,73.9,76,86,2.55,overcast clouds
403,Vidim,RU,56.4088,103.1106,16.52,81,80,13.51,broken clouds
404,Raudeberg,NO,61.9875,5.1352,42.96,88,100,22.32,overcast clouds
405,San Quintin,MX,30.4833,-115.95,60.19,84,6,7.87,clear sky
406,Chicama,PE,-7.8447,-79.1469,66.74,74,78,5.32,broken clouds
407,Qena,EG,26.1615,32.7183,55.71,28,0,7.47,clear sky
408,Nuqui,CO,5.7125,-77.2708,78.12,88,100,3.62,light rain
409,Bowen,AU,-20.0167,148.2333,83.26,65,91,13.4,overcast clouds
410,San Patricio,US,28.017,-97.5169,72.18,60,29,11.18,scattered clouds
411,Albion,US,42.2431,-84.753,28.58,77,100,11.5,overcast clouds
412,Robe,AU,-37.1833,139.75,68.85,59,100,12.28,overcast clouds
413,Bonthe,SL,7.5264,-12.505,76.6,90,100,5.5,light rain
414,Stjordalshalsen,NO,63.4681,10.9262,34.5,100,75,3.44,light rain
415,Banda Aceh,ID,5.5577,95.3222,82.47,76,9,3.06,clear sky
416,Batagay-Alyta,RU,67.8006,130.4114,11.25,66,100,3.65,overcast clouds
417,Winchester,GB,51.0651,-1.3187,48.47,73,1,9.69,clear sky
418,Mostre,BA,44.0229,18.1353,34.79,60,0,1.52,clear sky
419,Nanakuli,US,21.3906,-158.1547,81.99,50,20,16.11,few clouds
420,Oltu,TR,40.5498,42.0013,17.35,95,100,2.91,overcast clouds
421,Frutal,BR,-20.0247,-48.9406,72.64,84,62,4.61,moderate rain
422,Sechura,PE,-5.5569,-80.8222,73.02,76,100,13.44,overcast clouds
423,Upington,ZA,-28.4478,21.2561,62.98,72,0,4.61,clear sky
424,Bac Lieu,VN,9.285,105.7244,86.32,63,0,5.7,clear sky
425,Sobolevo,RU,54.4299,31.8996,24.62,73,100,22.06,overcast clouds
426,Vryburg,ZA,-26.9566,24.7284,63.27,41,55,4.5,broken clouds
427,Saint George,US,37.1041,-113.5841,84.79,8,0,5.75,clear sky
428,Sur,OM,22.5667,59.5289,79.59,46,0,7.05,clear sky
429,Presidencia Roque Saenz Pena,AR,-26.7852,-60.4388,63.86,68,0,3.85,clear sky
430,Kavaratti,IN,10.5669,72.642,82.27,70,11,2.93,few clouds
431,Hobyo,SO,5.3505,48.5268,78.76,66,15,11.05,few clouds
432,Aban,RU,56.67,96.06,16.03,84,96,13.98,overcast clouds
433,Launceston,AU,-41.45,147.1667,74.61,57,75,16.11,broken clouds
434,Olinda,BR,-8.0089,-34.8553,78.53,94,75,2.3,light rain
435,Hervey Bay,AU,-25.2986,152.8535,76.24,76,13,9.17,light rain
436,Glenwood Springs,US,39.5505,-107.3248,65.21,48,0,10.36,clear sky
437,Ndele,CF,8.4109,20.6473,73.89,15,94,5.97,overcast clouds
438,Ranong,TH,9.9658,98.6348,80.53,78,33,1.16,scattered clouds
439,Khorixas,NA,-20.3667,14.9667,68.34,71,0,1.01,clear sky
440,Castanos,MX,26.7833,-101.4167,72.34,45,99,15.1,overcast clouds
441,Fortuna,US,40.5982,-124.1573,57.92,78,0,10.36,clear sky
442,Roros,NO,62.5747,11.3842,24.64,93,100,5.75,overcast clouds
443,Brewster,US,41.3973,-73.6171,43.02,91,99,7.02,overcast clouds
444,Sturgeon Falls,CA,46.3646,-79.9326,27.9,84,100,13.53,overcast clouds
445,Ahipara,NZ,-35.1667,173.1667,69.66,64,67,9.95,broken clouds
446,Londiani,KE,-0.165,35.5909,54.3,92,80,4,broken clouds
447,Guane,CU,22.2025,-84.0875,68.07,70,10,8.79,clear sky
448,Khani,GE,41.9563,42.9566,27.97,89,53,6.44,broken clouds
449,Chincha Alta,PE,-13.4099,-76.1323,64.99,80,54,2.17,broken clouds
450,Acapulco,MX,16.8634,-99.8901,77.18,59,70,5.99,broken clouds
451,Vestmannaeyjar,IS,63.4427,-20.2734,45.45,96,100,7.2,overcast clouds
452,Chernyshevskiy,RU,63.0128,112.4714,13.86,93,100,3.06,overcast clouds
453,Bosaso,SO,11.2842,49.1816,73.54,65,2,1.95,clear sky
454,Zhigansk,RU,66.7697,123.3711,7.99,95,98,9.95,overcast clouds
455,Paka,MY,4.6374,103.4368,82.33,83,20,4.61,few clouds
456,Champerico,GT,14.3,-91.9167,82.85,69,74,5.88,broken clouds
457,Yar-Sale,RU,66.8333,70.8333,-16.8,100,47,5.21,scattered clouds
458,Santa Vitoria Do Palmar,BR,-33.5189,-53.3681,64.04,82,20,9.28,few clouds
459,Batticaloa,LK,7.7102,81.6924,79.12,84,0,6.31,clear sky
460,Touros,BR,-5.1989,-35.4608,78.17,87,100,7.07,overcast clouds
461,Tahe,CN,52.3333,124.7333,31.12,58,61,8.41,broken clouds
462,Antalaha,MG,-14.9003,50.2788,74.8,90,42,5.12,light rain
463,Sangar,RU,63.9242,127.4739,14.4,88,89,6.58,overcast clouds
464,Neuquen,AR,-38.9516,-68.0591,69.69,37,0,13.8,clear sky
465,Margate,GB,51.3813,1.3862,48.31,88,3,4,clear sky
466,Srednekolymsk,RU,67.45,153.6833,8.67,86,100,15.68,overcast clouds
467,Pangoa,PE,-12.1167,-73,66.65,99,67,1.57,broken clouds
468,Dunedin,NZ,-45.8742,170.5036,63.59,69,0,6.76,clear sky
469,Sinnamary,GF,5.3833,-52.95,77.2,86,100,12.62,overcast clouds
470,Poum,NC,-20.2333,164.0167,81.03,69,50,6.82,scattered clouds
471,Gorontalo,ID,0.5412,123.0595,88.11,59,99,3.13,overcast clouds
472,Ambatofinandrahana,MG,-20.55,46.8,62.26,93,45,3.24,scattered clouds
473,Provideniya,RU,64.3833,-173.3,23.18,73,98,1.59,overcast clouds
474,Pokhara,NP,28.2333,83.9833,75.51,18,0,0.16,clear sky
475,Aguas De Lindoia,BR,-22.4764,-46.6328,65.55,96,73,3.04,broken clouds
476,Verkhnyaya Inta,RU,65.9811,60.3094,6.71,85,100,13.4,overcast clouds
477,Vao,NC,-22.6667,167.4833,75.83,77,65,16.26,broken clouds
478,Alofi,NU,-19.0595,-169.9187,82.29,83,94,10.36,overcast clouds
479,Bogorodskoye,RU,56.55,37.8833,24.44,92,100,18.61,light snow
480,Roma,US,43.2128,-75.4557,41.38,80,73,7,broken clouds
481,Biltine,TD,14.5333,20.9167,70.47,10,2,20.56,clear sky
482,Alta Floresta,BR,-9.8756,-56.0861,72.45,95,96,1.79,overcast clouds
483,Mayo,US,38.8876,-76.5119,44.71,56,0,13,clear sky
484,Mnogovershinnyy,RU,53.9353,139.9242,19.62,93,100,13.91,snow
485,Ubinskoye,RU,55.3068,79.6802,6.53,95,100,7.43,overcast clouds
486,Aripuana,BR,-9.1667,-60.6333,73.56,98,99,0.74,light rain
487,Zdunska Wola,PL,51.5992,18.9397,35.33,79,2,4.94,clear sky
488,Campbell River,CA,50.0163,-125.2446,45.93,100,100,6.91,light intensity drizzle
489,Flinders,AU,-34.5833,150.8552,75.38,79,99,5.08,light rain
490,Goundam,ML,16.4145,-3.6708,83.59,31,11,3.6,few clouds
491,Valsad,IN,20.6333,72.9333,78.22,72,8,6.31,clear sky
492,Isiolo,KE,0.3546,37.5822,67.19,84,93,3.56,light rain
493,Constitucion,CL,-35.3333,-72.4167,52.52,90,50,7.45,scattered clouds
494,Hailar,CN,49.2,119.7,25.61,76,27,8.63,scattered clouds
495,Chauk,MM,20.8833,94.8167,83.64,54,71,4.88,broken clouds
496,Inyonga,TZ,-6.7167,32.0667,66.74,86,82,2.84,broken clouds
497,Palu,ID,-0.8917,119.8707,88.63,53,83,3.22,broken clouds
498,Kulhudhuffushi,MV,6.6221,73.07,81.63,66,0,5.77,clear sky
499,Kloulklubed,PW,7.0419,134.2556,75.7,76,100,13.67,overcast clouds
500,Glendive,US,47.1053,-104.7125,39.49,31,100,8.99,overcast clouds
501,Meulaboh,ID,4.1363,96.1285,80.87,72,13,3.98,few clouds
502,San Luis,AR,-33.295,-66.3356,59.41,40,0,5.46,clear sky
503,Sept-Iles,CA,50.2001,-66.3821,31.05,96,100,6.91,overcast clouds
504,Tolaga Bay,NZ,-38.3667,178.3,60.42,90,100,20.42,overcast clouds
505,Curup,ID,-3.4667,102.5333,79.47,49,3,0.6,clear sky
506,Ugoofaaru,MV,5.6667,73,81.7,66,0,6.51,clear sky
507,Toppenish,US,46.3774,-120.3087,66.81,56,100,1.7,overcast clouds
508,Areosa,PT,41.7178,-8.8571,56.28,72,95,5.46,overcast clouds
509,Khilok,RU,51.3674,110.4676,25.86,61,83,3.22,broken clouds
510,Loralai,PK,30.3705,68.598,65.07,14,0,6.31,clear sky
511,Olavarria,AR,-36.8927,-60.3225,60.03,85,0,7.31,clear sky
512,Sao Filipe,CV,14.8961,-24.4956,69.35,73,67,4.43,broken clouds
513,Dandong,CN,40.1292,124.3947,45.3,23,10,18.95,clear sky
514,Kontagora,NG,10.3999,5.4695,78.94,13,78,4.43,broken clouds
515,Paamiut,GL,61.994,-49.6678,19.38,82,6,7.34,clear sky
516,Longyearbyen,SJ,78.2186,15.6401,-4.16,77,20,10.36,few clouds
517,Yokadouma,CM,3.5167,15.05,69.98,70,82,2.93,broken clouds
518,Kamenka,RU,51.3223,42.7678,34.09,98,100,9.4,light snow
519,Taoudenni,ML,22.6783,-3.9836,79.36,15,79,7.72,broken clouds
520,Pinega,RU,64.7001,43.3936,15.84,66,100,18.75,overcast clouds
521,Bom Jesus,BR,-9.0744,-44.3586,76.19,64,12,1.48,few clouds
522,Kothi,IN,24.75,80.7833,81.16,10,5,5.39,clear sky
523,Pareora,NZ,-44.4871,171.2132,66.18,84,4,10.78,clear sky
524,Necochea,AR,-38.5473,-58.7368,56.98,89,15,9.62,few clouds
525,Zverinogolovskoye,RU,54.4586,64.8542,-3.44,99,25,4.99,scattered clouds
526,Mollendo,PE,-17.0231,-72.0147,69.21,85,39,7.78,scattered clouds
527,Vanavara,RU,60.34,102.2797,14.67,91,100,14.92,light snow
528,Santiago,CL,-33.4569,-70.6483,70.99,48,5,3.04,clear sky
529,Nata,PA,8.3333,-80.5167,80.47,72,9,12.1,clear sky
530,Vinh,VN,18.6667,105.6667,79.03,83,24,14.2,few clouds
531,Ocean City,US,39.2776,-74.5746,44.62,63,37,3,scattered clouds
532,Tommot,RU,58.9564,126.2925,23.27,82,99,4.25,overcast clouds
533,Buin,CL,-33.7333,-70.75,71.87,61,6,2.15,clear sky
534,Half Moon Bay,US,37.4636,-122.4286,67.57,82,0,11.5,clear sky
535,Kirakira,SB,-10.4544,161.9205,83.26,79,94,9.86,overcast clouds
536,Aitape,PG,-3.1374,142.3475,78.01,90,100,5.28,overcast clouds
537,Yate,GB,51.5407,-2.4184,49.53,86,5,1.99,clear sky
538,Mitsamiouli,KM,-11.3847,43.2844,81.72,77,62,4.43,broken clouds
539,Sambava,MG,-14.2667,50.1667,77.04,89,23,6.26,light rain
540,Koutsouras,GR,35.0339,25.9469,55.11,41,0,8.5,clear sky
541,Fairbanks,US,64.8378,-147.7164,37.74,52,100,0,overcast clouds
542,Saint-Georges,GD,12.0564,-61.7485,78.48,78,20,20.71,few clouds
543,Markala,ML,13.7021,-6.0659,87.1,37,91,5.88,overcast clouds
544,Maragogi,BR,-9.0122,-35.2225,77.4,86,23,2.68,few clouds
545,Batemans Bay,AU,-35.7167,150.1833,70.11,70,100,4.97,overcast clouds
546,Santa Rosa,PH,14.3122,121.1114,91.11,68,8,10.58,clear sky
547,Lillooet,CA,50.6856,-121.942,48.16,86,98,1.05,overcast clouds
548,Novobirilyussy,RU,56.9514,90.6661,13.6,91,91,8.57,overcast clouds
549,Dingle,PH,10.9995,122.6711,87.53,57,100,11.92,light rain
550,Kamaishi,JP,39.2667,141.8833,49.95,73,100,6.58,overcast clouds
551,Porto Santo,PT,33.072,-16.3415,62.98,77,40,18.41,scattered clouds
552,Calvinia,ZA,-31.4707,19.776,64.45,37,5,4.18,clear sky
553,Port Blair,IN,11.6667,92.75,80.64,89,20,2.3,mist
554,Malmyzh,RU,56.5205,50.6818,33.31,98,100,15.21,light snow
555,San Jose,US,37.3394,-121.895,67.51,63,40,12.66,scattered clouds
556,Araouane,ML,18.9048,-3.5265,79.7,31,76,6.76,broken clouds
557,Amambai,BR,-23.1042,-55.2258,62.92,59,0,2.35,clear sky
558,Aquiraz,BR,-3.9014,-38.3911,78.89,90,97,5.37,overcast clouds
559,Fort Nelson,CA,58.8053,-122.7002,33.39,47,20,3.44,few clouds
560,Ostrovnoy,RU,68.0531,39.5131,20.44,65,100,12.15,light snow
561,Mamallapuram,IN,12.6264,80.1722,82.45,76,8,10.18,clear sky
562,Sao Jose Da Coroa Grande,BR,-8.8978,-35.1478,77.72,85,36,3.13,scattered clouds
563,Macau,MO,22.2006,113.5461,73.2,78,40,17.27,scattered clouds
564,Cidreira,BR,-30.1811,-50.2056,67.62,74,98,9.42,overcast clouds
565,Taltal,CL,-25.4,-70.4833,66.54,74,0,4.68,clear sky
566,Challapata,BO,-18.9,-66.7667,50.65,38,7,3.94,clear sky
567,Zwettl,AT,48.6,15.1667,42.31,85,14,2.66,few clouds
568,Sao Joao Da Barra,BR,-21.6403,-41.0511,78.08,88,79,17.22,broken clouds
569,Noumea,NC,-22.2763,166.4572,85.98,73,87,16.02,overcast clouds
570,Lavras,BR,-21.2453,-44.9997,65.84,91,20,4.29,few clouds
571,Kabinda,CD,-6.1333,24.4833,67.23,97,100,2.91,overcast clouds
572,Jibuti,DJ,11.5,42.5,72.54,73,6,6.08,clear sky
573,Ghanzi,BW,-21.5667,21.7833,70.34,67,95,5.14,overcast clouds
574,Bondoukou,CI,8.0333,-2.8,74.57,81,65,4.85,broken clouds
575,Meadow Lake,US,34.8014,-106.5436,71.67,18,88,5.19,overcast clouds
576,Gurupa,BR,-1.405,-51.64,74.01,99,100,3.51,light rain
577,Passo Fundo,BR,-28.2628,-52.4067,54.01,96,2,2.1,clear sky
578,Gold Coast,AU,-28,153.4333,81,72,70,6.91,broken clouds
579,Robertsport,LR,6.7533,-11.3686,77.59,89,100,10.25,moderate rain
580,Moron,AR,-34.6534,-58.6198,65.98,91,0,4.54,clear sky
581,Thinadhoo,MV,0.5333,72.9333,81.52,69,0,7.74,clear sky
582,Rexburg,US,43.826,-111.7897,47.37,70,100,4.9,overcast clouds
583,Gotsu,JP,35,132.2167,55.92,61,92,5.79,overcast clouds
584,Mecca,SA,21.4267,39.8261,63.63,56,0,2.01,clear sky
585,Kalmunai,LK,7.4167,81.8167,79.41,83,1,5.68,clear sky
586,Chimbote,PE,-9.0853,-78.5783,69.76,80,86,5.57,overcast clouds
587,Lufilufi,WS,-13.8745,-171.5986,78.58,79,90,15.9,light rain
588,Muramatsu,JP,37.6833,139.1833,49.26,77,100,7.67,overcast clouds
589,Mocuba,MZ,-16.8392,36.9856,73.53,96,100,2.44,overcast clouds
590,Semnan,IR,35.5729,53.3971,40.84,33,0,2.3,clear sky
591,Mackay,AU,-21.15,149.2,78.67,88,75,10.36,broken clouds
592,Lang Son,VN,21.8333,106.7333,67.51,72,47,13.29,scattered clouds
593,Nago,JP,26.5881,127.9761,65.25,95,100,10.87,overcast clouds
594,Teya,RU,60.3778,92.6267,12.85,86,100,10.92,overcast clouds
595,Arlit,NE,18.7369,7.3853,74.59,11,7,8.77,clear sky
596,Were Ilu,ET,10.6,39.4333,47.48,79,41,5.08,scattered clouds
597,Caibarien,CU,22.5206,-79.4669,72.1,67,59,11.39,broken clouds
598,Avdon,RU,54.6667,55.7167,24.12,92,75,20.13,broken clouds
599,Bose,IT,45.4612,8.0137,51.3,35,0,5.7,clear sky
600,Inongo,CD,-1.95,18.2667,73.31,88,99,2.62,light rain
601,Iranshahr,IR,27.2025,60.6848,71.22,27,0,1.86,clear sky
602,Severnoye,RU,56.3491,78.3619,4.24,98,94,5.08,overcast clouds
603,Nordstemmen,DE,52.162,9.7835,47.79,94,3,2.37,clear sky
604,Sozimskiy,RU,59.7418,52.2482,31.98,96,100,12.97,light snow
605,Okhotsk,RU,59.3833,143.3,14.05,77,13,3.2,few clouds
606,Acari,PE,-15.4311,-74.6158,73.27,78,54,3.71,broken clouds
607,Cananea,MX,30.95,-110.3,63.18,11,56,8.95,broken clouds
608,Miles City,US,46.4083,-105.8406,42.75,37,100,14.38,overcast clouds
609,Katherine,AU,-14.4667,132.2667,91.72,49,40,5.75,scattered clouds
610,Ponorogo,ID,-7.8685,111.462,82.65,72,97,2.98,overcast clouds
611,Nouadhibou,MR,20.931,-17.0347,62.58,88,100,5.75,overcast clouds
612,Wajima,JP,37.4,136.9,52.48,76,40,3.44,scattered clouds
613,Nortelandia,BR,-14.4547,-56.8028,72.61,98,100,1.9,overcast clouds
614,Bam,IR,29.106,58.357,62.58,15,0,7,clear sky
615,Puli,TW,23.9664,120.9695,72.21,81,36,4.05,scattered clouds
616,Lichinga,MZ,-13.3128,35.2406,66.29,100,0,5.01,clear sky
617,Srinivaspur,IN,13.3333,78.2167,73.11,85,9,4.97,clear sky
618,Tancitaro,MX,19.3333,-102.3667,60.75,20,2,5.19,clear sky
619,Onda,ES,39.9667,-0.25,53.91,75,43,5.61,scattered clouds
620,Bhag,PK,29.0415,67.8239,79.97,9,0,2.37,clear sky
621,Chabua,IN,27.4825,95.1736,69.75,83,75,3.44,mist
622,Naco,MX,31.3347,-109.9483,80.69,11,98,9.78,overcast clouds
623,Ilheus,BR,-14.7889,-39.0494,82.22,78,40,12.66,scattered clouds
624,Tevaitoa,PF,-16.7833,-151.5,82.4,71,16,13.38,light rain
625,Sabang,ID,5.8933,95.3214,82.4,75,15,2.82,few clouds
626,High Prairie,CA,55.4334,-116.4858,31.17,88,100,4,overcast clouds
627,Troitskoye,RU,52.9821,84.6757,16.95,89,100,11.03,overcast clouds
628,Baherden,TM,38.4362,57.4316,45.14,66,5,1.39,clear sky
629,Yulara,AU,-25.2406,130.9889,82.24,17,3,11.5,clear sky
630,Trinidad,BO,-14.8333,-64.9,65.08,82,100,2.8,overcast clouds
631,Sembe,CG,1.6481,14.5806,71.42,80,99,1.45,overcast clouds
632,Tazovskiy,RU,67.4667,78.7,-1.03,98,92,10.94,overcast clouds
633,Quatre Cocos,MU,-20.2078,57.7625,79.09,78,19,8.72,few clouds
634,Belaya Gora,RU,68.5333,146.4167,6.73,85,77,7.56,broken clouds
635,Cap Malheureux,MU,-19.9842,57.6142,79.47,82,8,1.99,clear sky
636,Muroto,JP,33.2833,134.15,59.59,76,97,2.62,overcast clouds
637,Chateaubelair,VC,13.2833,-61.25,77.18,78,99,10.56,overcast clouds
638,Vardo,NO,70.3705,31.1107,26.96,61,100,26.33,light snow
639,Luwuk,ID,-0.9516,122.7875,85.96,67,100,2.89,overcast clouds
640,Vuktyl,RU,63.8567,57.3094,23.59,90,100,16.28,light snow
641,Manga,BF,11.6636,-1.0731,86.49,23,45,3.87,scattered clouds
642,Havelock,US,34.8791,-76.9013,56.95,49,85,5.01,overcast clouds
643,Ginir,ET,7.1333,40.7,59.43,76,67,3.15,light rain
644,Ahmadpur,IN,18.7,76.9333,85.35,21,29,4.38,scattered clouds
645,Sidi Ali,DZ,36.0998,0.4206,51.28,79,0,0.92,clear sky
646,Nalut,LY,30.3333,10.85,66.85,12,10,27.54,clear sky
647,Nizhniy Bestyakh,RU,61.9594,129.9086,4.48,72,0,4.47,clear sky
648,Klyuchi,RU,52.2667,79.1667,18.28,92,100,12.08,overcast clouds
649,Goma,CD,-1.6792,29.2228,61.3,85,96,3.06,overcast clouds
650,Ribas Do Rio Pardo,BR,-20.4431,-53.7592,69.01,90,60,3.36,light rain
651,Lismore,AU,-28.8135,153.2773,73.29,95,100,1.86,overcast clouds
652,Zhuzhou,CN,27.8333,113.15,51.93,92,100,8.25,moderate rain
653,Yaan,NG,7.3833,8.5667,80.06,64,94,4.14,overcast clouds
654,Olbernhau,DE,50.6667,13.3333,47.14,92,100,0.81,overcast clouds
655,Eyemouth,GB,55.8713,-2.0901,42.24,87,5,5.14,clear sky
656,Arica,CL,-18.475,-70.3042,68.02,81,5,2.39,clear sky
657,Igarka,RU,67.4667,86.5833,19.26,94,100,6.58,overcast clouds
658,Lompoc,US,34.6391,-120.4579,64.02,84,40,8.05,scattered clouds
659,Tiznit,MA,29.5833,-9.5,57.34,62,1,4.81,clear sky
660,Belyy Yar,RU,53.6039,91.3903,24.69,57,0,4.47,clear sky
661,Dukat,RU,62.55,155.55,6.57,77,100,2.15,overcast clouds
662,Bauchi,NG,10.5,10,69.22,15,76,5.14,broken clouds
663,Tarsus,TR,36.9188,34.8784,40.87,56,0,4.88,clear sky
664,Richards Bay,ZA,-28.783,32.0377,67.53,92,19,4.81,few clouds
665,Srinagar,IN,34.0833,74.8167,50.7,41,0,1.14,clear sky
666,Khasan,RU,42.4308,130.6434,42.87,49,48,16.11,scattered clouds
667,Osa,RU,57.2829,55.4567,29.1,94,100,19.84,light snow
668,Monticello,US,45.3055,-93.7941,27.09,41,0,11.5,clear sky
669,Kerema,PG,-7.9631,145.7785,84.79,70,100,9.6,overcast clouds
670,Alugan,PH,12.2188,125.4808,82.87,75,99,11.16,overcast clouds
671,Nicolas Bravo,MX,18.45,-88.9167,68.79,49,100,1.61,overcast clouds
672,Manono,CD,-7.3,27.4167,66.74,95,100,2.44,overcast clouds
673,Soc Trang,VN,9.6033,105.98,89.13,53,4,3.65,clear sky
674,Buluang,PH,13.3068,123.3425,87.78,57,93,1.79,overcast clouds
675,Kimbe,PG,-5.5502,150.1429,83.25,75,100,5.53,light rain
676,Uirauna,BR,-6.5183,-38.4122,72.41,93,100,2.91,overcast clouds
677,Kemin,KG,42.7846,75.6892,36.63,97,100,5.79,light rain
678,Lucapa,AO,-8.4192,20.7447,65.14,97,100,3.33,overcast clouds
679,Kinghorn,GB,56.069,-3.1761,44.44,93,3,1.14,clear sky
680,Baoning,CN,25.3378,110.026,55.26,88,100,6.71,overcast clouds
681,Mmabatho,ZA,-25.85,25.6333,61.77,79,18,4.61,few clouds
682,Morant Bay,JM,17.8815,-76.4093,80.22,82,77,3.2,broken clouds
683,Darnah,LY,32.767,22.6367,55.96,51,0,3.76,clear sky
684,Aksarka,RU,66.5606,67.7975,-5.89,95,99,7.45,overcast clouds
685,Shaunavon,CA,49.6501,-108.4181,38.98,43,31,13.51,scattered clouds
686,Fruitville,US,27.3298,-82.4576,67.95,56,0,10,clear sky
687,Priladozhskiy,RU,59.85,31.4833,23.54,1,100,22.79,overcast clouds
688,Weligama,LK,5.9667,80.4167,78.75,81,2,5.41,clear sky
689,Moerai,PF,-22.4333,-151.3333,81.27,72,100,10.09,overcast clouds
690,Melfort,CA,52.8667,-104.6177,3.33,55,8,5.75,clear sky
691,Wajid,SO,3.8093,43.2471,75.88,69,9,8.86,clear sky
692,De Aar,ZA,-30.6497,24.0123,61.02,47,8,4.97,clear sky
693,Gainesville,US,29.6516,-82.3248,63.95,70,0,1.01,clear sky
694,Stonewall,CA,50.1344,-97.3268,8.28,91,81,5.5,broken clouds
695,Atambua,ID,-9.1061,124.8925,82.04,68,12,2.15,few clouds
696,Esna,EG,25.2934,32.554,55.42,28,0,9.01,clear sky
697,Asfi,MA,32.2994,-9.2372,57.06,87,3,9.8,clear sky
